# 95 um / 104 W keyhole reference trace, dx = 5 um (production)
# shipped calibrated constants: eta_min=0.12 d_ignite_m=2.325613196e-05 absorb_decay_depth_m=5.485328030e-05
# grid 61x61x300  dx=5.000000000e-06 m  dt=1.504517261e-06 s  steps=1332
# ignition_time_s=5.145449033e-04
t_s,depth_m
1.504517261e-06,0.000000000e+00
3.009034522e-06,0.000000000e+00
4.513551784e-06,0.000000000e+00
6.018069045e-06,0.000000000e+00
7.522586306e-06,0.000000000e+00
9.027103567e-06,0.000000000e+00
1.053162083e-05,0.000000000e+00
1.203613809e-05,0.000000000e+00
1.354065535e-05,0.000000000e+00
1.504517261e-05,0.000000000e+00
1.654968987e-05,0.000000000e+00
1.805420713e-05,0.000000000e+00
1.955872440e-05,0.000000000e+00
2.106324166e-05,0.000000000e+00
2.256775892e-05,0.000000000e+00
2.407227618e-05,0.000000000e+00
2.557679344e-05,0.000000000e+00
2.708131070e-05,0.000000000e+00
2.858582796e-05,0.000000000e+00
3.009034522e-05,0.000000000e+00
3.159486249e-05,0.000000000e+00
3.309937975e-05,0.000000000e+00
3.460389701e-05,0.000000000e+00
3.610841427e-05,0.000000000e+00
3.761293153e-05,0.000000000e+00
3.911744879e-05,0.000000000e+00
4.062196605e-05,0.000000000e+00
4.212648331e-05,0.000000000e+00
4.363100057e-05,0.000000000e+00
4.513551784e-05,0.000000000e+00
4.664003510e-05,0.000000000e+00
4.814455236e-05,0.000000000e+00
4.964906962e-05,0.000000000e+00
5.115358688e-05,0.000000000e+00
5.265810414e-05,0.000000000e+00
5.416262140e-05,0.000000000e+00
5.566713866e-05,0.000000000e+00
5.717165593e-05,0.000000000e+00
5.867617319e-05,0.000000000e+00
6.018069045e-05,0.000000000e+00
6.168520771e-05,0.000000000e+00
6.318972497e-05,0.000000000e+00
6.469424223e-05,0.000000000e+00
6.619875949e-05,0.000000000e+00
6.770327675e-05,0.000000000e+00
6.920779401e-05,0.000000000e+00
7.071231128e-05,0.000000000e+00
7.221682854e-05,0.000000000e+00
7.372134580e-05,0.000000000e+00
7.522586306e-05,0.000000000e+00
7.673038032e-05,0.000000000e+00
7.823489758e-05,0.000000000e+00
7.973941484e-05,2.500000000e-06
8.124393210e-05,2.500000000e-06
8.274844937e-05,2.500000000e-06
8.425296663e-05,2.500000000e-06
8.575748389e-05,2.500000000e-06
8.726200115e-05,2.500000000e-06
8.876651841e-05,2.500000000e-06
9.027103567e-05,2.500000000e-06
9.177555293e-05,2.500000000e-06
9.328007019e-05,2.500000000e-06
9.478458746e-05,2.500000000e-06
9.628910472e-05,2.500000000e-06
9.779362198e-05,2.500000000e-06
9.929813924e-05,2.500000000e-06
1.008026565e-04,2.500000000e-06
1.023071738e-04,2.500000000e-06
1.038116910e-04,2.500000000e-06
1.053162083e-04,2.500000000e-06
1.068207255e-04,2.500000000e-06
1.083252428e-04,2.500000000e-06
1.098297601e-04,2.500000000e-06
1.113342773e-04,2.500000000e-06
1.128387946e-04,2.500000000e-06
1.143433119e-04,2.500000000e-06
1.158478291e-04,2.500000000e-06
1.173523464e-04,2.500000000e-06
1.188568636e-04,2.500000000e-06
1.203613809e-04,2.500000000e-06
1.218658982e-04,2.500000000e-06
1.233704154e-04,2.500000000e-06
1.248749327e-04,4.440938283e-06
1.263794499e-04,4.440938283e-06
1.278839672e-04,4.440938283e-06
1.293884845e-04,4.440938283e-06
1.308930017e-04,4.440938283e-06
1.323975190e-04,4.440938283e-06
1.339020362e-04,4.440938283e-06
1.354065535e-04,4.657250016e-06
1.369110708e-04,4.657250016e-06
1.384155880e-04,6.940938283e-06
1.399201053e-04,6.940938283e-06
1.414246226e-04,6.940938283e-06
1.429291398e-04,6.940938283e-06
1.444336571e-04,6.940938283e-06
1.459381743e-04,6.940938283e-06
1.474426916e-04,6.940938283e-06
1.489472089e-04,8.728954091e-06
1.504517261e-04,8.728954091e-06
1.519562434e-04,8.728954091e-06
1.534607606e-04,8.728954091e-06
1.549652779e-04,8.728954091e-06
1.564697952e-04,8.728954091e-06
1.579743124e-04,8.728954091e-06
1.594788297e-04,8.728954091e-06
1.609833469e-04,8.728954091e-06
1.624878642e-04,8.728954091e-06
1.639923815e-04,8.728954091e-06
1.654968987e-04,8.728954091e-06
1.670014160e-04,8.728954091e-06
1.685059333e-04,8.728954091e-06
1.700104505e-04,8.728954091e-06
1.715149678e-04,8.728954091e-06
1.730194850e-04,8.728954091e-06
1.745240023e-04,8.728954091e-06
1.760285196e-04,8.728954091e-06
1.775330368e-04,8.728954091e-06
1.790375541e-04,8.728954091e-06
1.805420713e-04,1.000000000e-05
1.820465886e-04,1.000000000e-05
1.835511059e-04,1.000000000e-05
1.850556231e-04,1.000000000e-05
1.865601404e-04,1.000000000e-05
1.880646576e-04,1.000000000e-05
1.895691749e-04,1.000000000e-05
1.910736922e-04,1.000000000e-05
1.925782094e-04,1.000000000e-05
1.940827267e-04,1.000000000e-05
1.955872440e-04,1.000000000e-05
1.970917612e-04,1.000000000e-05
1.985962785e-04,1.000000000e-05
2.001007957e-04,1.000000000e-05
2.016053130e-04,1.000000000e-05
2.031098303e-04,1.000000000e-05
2.046143475e-04,1.000000000e-05
2.061188648e-04,1.000000000e-05
2.076233820e-04,1.000000000e-05
2.091278993e-04,1.000000000e-05
2.106324166e-04,1.000000000e-05
2.121369338e-04,1.000000000e-05
2.136414511e-04,1.000000000e-05
2.151459684e-04,1.000000000e-05
2.166504856e-04,1.000000000e-05
2.181550029e-04,1.000000000e-05
2.196595201e-04,1.000000000e-05
2.211640374e-04,1.000000000e-05
2.226685547e-04,1.000000000e-05
2.241730719e-04,1.000000000e-05
2.256775892e-04,1.000000000e-05
2.271821064e-04,1.000000000e-05
2.286866237e-04,1.000000000e-05
2.301911410e-04,1.000000000e-05
2.316956582e-04,1.000000000e-05
2.332001755e-04,1.000000000e-05
2.347046927e-04,1.000000000e-05
2.362092100e-04,1.000000000e-05
2.377137273e-04,1.000000000e-05
2.392182445e-04,1.000000000e-05
2.407227618e-04,1.000000000e-05
2.422272791e-04,1.000000000e-05
2.437317963e-04,1.000000000e-05
2.452363136e-04,1.000000000e-05
2.467408308e-04,1.000000000e-05
2.482453481e-04,1.000000000e-05
2.497498654e-04,1.000000000e-05
2.512543826e-04,1.000000000e-05
2.527588999e-04,1.000000000e-05
2.542634171e-04,1.122895409e-05
2.557679344e-04,1.122895409e-05
2.572724517e-04,1.122895409e-05
2.587769689e-04,1.122895409e-05
2.602814862e-04,1.122895409e-05
2.617860034e-04,1.122895409e-05
2.632905207e-04,1.122895409e-05
2.647950380e-04,1.258932288e-05
2.662995552e-04,1.258932288e-05
2.678040725e-04,1.258932288e-05
2.693085898e-04,1.258932288e-05
2.708131070e-04,1.258932288e-05
2.723176243e-04,1.258932288e-05
2.738221415e-04,1.258932288e-05
2.753266588e-04,1.258932288e-05
2.768311761e-04,1.258932288e-05
2.783356933e-04,1.258932288e-05
2.798402106e-04,1.258932288e-05
2.813447278e-04,1.258932288e-05
2.828492451e-04,1.258932288e-05
2.843537624e-04,1.258932288e-05
2.858582796e-04,1.258932288e-05
2.873627969e-04,1.258932288e-05
2.888673141e-04,1.258932288e-05
2.903718314e-04,1.355863789e-05
2.918763487e-04,1.355863789e-05
2.933808659e-04,1.355863789e-05
2.948853832e-04,1.355863789e-05
2.963899005e-04,1.355863789e-05
2.978944177e-04,1.355863789e-05
2.993989350e-04,1.355863789e-05
3.009034522e-04,1.355863789e-05
3.024079695e-04,1.355863789e-05
3.039124868e-04,1.355863789e-05
3.054170040e-04,1.355863789e-05
3.069215213e-04,1.355863789e-05
3.084260385e-04,1.355863789e-05
3.099305558e-04,1.355863789e-05
3.114350731e-04,1.355863789e-05
3.129395903e-04,1.355863789e-05
3.144441076e-04,1.355863789e-05
3.159486249e-04,1.355863789e-05
3.174531421e-04,1.355863789e-05
3.189576594e-04,1.355863789e-05
3.204621766e-04,1.355863789e-05
3.219666939e-04,1.355863789e-05
3.234712112e-04,1.355863789e-05
3.249757284e-04,1.355863789e-05
3.264802457e-04,1.355863789e-05
3.279847629e-04,1.355863789e-05
3.294892802e-04,1.355863789e-05
3.309937975e-04,1.418349851e-05
3.324983147e-04,1.418349851e-05
3.340028320e-04,1.418349851e-05
3.355073492e-04,1.418349851e-05
3.370118665e-04,1.418349851e-05
3.385163838e-04,1.418349851e-05
3.400209010e-04,1.418349851e-05
3.415254183e-04,1.418349851e-05
3.430299356e-04,1.418349851e-05
3.445344528e-04,1.418349851e-05
3.460389701e-04,1.418349851e-05
3.475434873e-04,1.418349851e-05
3.490480046e-04,1.418349851e-05
3.505525219e-04,1.418349851e-05
3.520570391e-04,1.465863711e-05
3.535615564e-04,1.465863711e-05
3.550660736e-04,1.465863711e-05
3.565705909e-04,1.465863711e-05
3.580751082e-04,1.465863711e-05
3.595796254e-04,1.465863711e-05
3.610841427e-04,1.465863711e-05
3.625886599e-04,1.465863711e-05
3.640931772e-04,1.591304628e-05
3.655976945e-04,1.591304628e-05
3.671022117e-04,1.591304628e-05
3.686067290e-04,1.591304628e-05
3.701112463e-04,1.591304628e-05
3.716157635e-04,1.591304628e-05
3.731202808e-04,1.591304628e-05
3.746247980e-04,1.591304628e-05
3.761293153e-04,1.591304628e-05
3.776338326e-04,1.591304628e-05
3.791383498e-04,1.591304628e-05
3.806428671e-04,1.591304628e-05
3.821473843e-04,1.841304628e-05
3.836519016e-04,1.841304628e-05
3.851564189e-04,1.841304628e-05
3.866609361e-04,1.841304628e-05
3.881654534e-04,1.841304628e-05
3.896699706e-04,1.841304628e-05
3.911744879e-04,1.841304628e-05
3.926790052e-04,1.841304628e-05
3.941835224e-04,1.841304628e-05
3.956880397e-04,1.841304628e-05
3.971925570e-04,1.841304628e-05
3.986970742e-04,1.841304628e-05
4.002015915e-04,1.841304628e-05
4.017061087e-04,1.841304628e-05
4.032106260e-04,1.841304628e-05
4.047151433e-04,1.841304628e-05
4.062196605e-04,1.841304628e-05
4.077241778e-04,1.841304628e-05
4.092286950e-04,1.841304628e-05
4.107332123e-04,1.841304628e-05
4.122377296e-04,1.897002491e-05
4.137422468e-04,1.897002491e-05
4.152467641e-04,1.897002491e-05
4.167512814e-04,1.897002491e-05
4.182557986e-04,1.897002491e-05
4.197603159e-04,1.897002491e-05
4.212648331e-04,1.897002491e-05
4.227693504e-04,1.897002491e-05
4.242738677e-04,1.897002491e-05
4.257783849e-04,1.897002491e-05
4.272829022e-04,1.897002491e-05
4.287874194e-04,1.941858735e-05
4.302919367e-04,1.941858735e-05
4.317964540e-04,1.941858735e-05
4.333009712e-04,1.941858735e-05
4.348054885e-04,1.941858735e-05
4.363100057e-04,1.941858735e-05
4.378145230e-04,1.941858735e-05
4.393190403e-04,1.941858735e-05
4.408235575e-04,1.941858735e-05
4.423280748e-04,1.941858735e-05
4.438325921e-04,1.941858735e-05
4.453371093e-04,1.941858735e-05
4.468416266e-04,1.941858735e-05
4.483461438e-04,1.941858735e-05
4.498506611e-04,1.941858735e-05
4.513551784e-04,1.941858735e-05
4.528596956e-04,1.941858735e-05
4.543642129e-04,1.941858735e-05
4.558687301e-04,1.941858735e-05
4.573732474e-04,1.941858735e-05
4.588777647e-04,1.941858735e-05
4.603822819e-04,1.941858735e-05
4.618867992e-04,1.941858735e-05
4.633913164e-04,1.941858735e-05
4.648958337e-04,1.941858735e-05
4.664003510e-04,1.941858735e-05
4.679048682e-04,1.941858735e-05
4.694093855e-04,1.941858735e-05
4.709139028e-04,1.941858735e-05
4.724184200e-04,1.941858735e-05
4.739229373e-04,1.941858735e-05
4.754274545e-04,2.014753926e-05
4.769319718e-04,2.014753926e-05
4.784364891e-04,2.014753926e-05
4.799410063e-04,2.014753926e-05
4.814455236e-04,2.014753926e-05
4.829500408e-04,2.014753926e-05
4.844545581e-04,2.014753926e-05
4.859590754e-04,2.014753926e-05
4.874635926e-04,2.014753926e-05
4.889681099e-04,2.014753926e-05
4.904726271e-04,2.014753926e-05
4.919771444e-04,2.014753926e-05
4.934816617e-04,2.014753926e-05
4.949861789e-04,2.014753926e-05
4.964906962e-04,2.014753926e-05
4.979952135e-04,2.014753926e-05
4.994997307e-04,2.014753926e-05
5.010042480e-04,2.205021993e-05
5.025087652e-04,2.205021993e-05
5.040132825e-04,2.205021993e-05
5.055177998e-04,2.205021993e-05
5.070223170e-04,2.205021993e-05
5.085268343e-04,2.205021993e-05
5.100313515e-04,2.205021993e-05
5.115358688e-04,2.205021993e-05
5.130403861e-04,2.205021993e-05
5.145449033e-04,2.455021993e-05
5.160494206e-04,2.455021993e-05
5.175539379e-04,2.455021993e-05
5.190584551e-04,2.455021993e-05
5.205629724e-04,2.455021993e-05
5.220674896e-04,2.455021993e-05
5.235720069e-04,2.455021993e-05
5.250765242e-04,2.455021993e-05
5.265810414e-04,2.455021993e-05
5.280855587e-04,2.455021993e-05
5.295900759e-04,2.455021993e-05
5.310945932e-04,2.455021993e-05
5.325991105e-04,2.455021993e-05
5.341036277e-04,2.455021993e-05
5.356081450e-04,2.455021993e-05
5.371126622e-04,2.455021993e-05
5.386171795e-04,2.455021993e-05
5.401216968e-04,2.455021993e-05
5.416262140e-04,2.455021993e-05
5.431307313e-04,2.455021993e-05
5.446352486e-04,2.460848713e-05
5.461397658e-04,2.460848713e-05
5.476442831e-04,2.460848713e-05
5.491488003e-04,2.460848713e-05
5.506533176e-04,2.460848713e-05
5.521578349e-04,2.460848713e-05
5.536623521e-04,2.460848713e-05
5.551668694e-04,2.460848713e-05
5.566713866e-04,2.460848713e-05
5.581759039e-04,2.460848713e-05
5.596804212e-04,2.460848713e-05
5.611849384e-04,2.460848713e-05
5.626894557e-04,2.460848713e-05
5.641939729e-04,2.460848713e-05
5.656984902e-04,2.460848713e-05
5.672030075e-04,2.460848713e-05
5.687075247e-04,2.460848713e-05
5.702120420e-04,2.460848713e-05
5.717165593e-04,2.460848713e-05
5.732210765e-04,2.460848713e-05
5.747255938e-04,2.460848713e-05
5.762301110e-04,2.460848713e-05
5.777346283e-04,2.460848713e-05
5.792391456e-04,2.460848713e-05
5.807436628e-04,2.460848713e-05
5.822481801e-04,2.460848713e-05
5.837526973e-04,2.460848713e-05
5.852572146e-04,2.460848713e-05
5.867617319e-04,2.460848713e-05
5.882662491e-04,2.460848713e-05
5.897707664e-04,2.460848713e-05
5.912752836e-04,2.460848713e-05
5.927798009e-04,2.460848713e-05
5.942843182e-04,2.460848713e-05
5.957888354e-04,2.460848713e-05
5.972933527e-04,2.460848713e-05
5.987978700e-04,2.460848713e-05
6.003023872e-04,2.460848713e-05
6.018069045e-04,2.460848713e-05
6.033114217e-04,2.460848713e-05
6.048159390e-04,2.460848713e-05
6.063204563e-04,2.460848713e-05
6.078249735e-04,2.460848713e-05
6.093294908e-04,2.460848713e-05
6.108340080e-04,2.460848713e-05
6.123385253e-04,2.460848713e-05
6.138430426e-04,2.460848713e-05
6.153475598e-04,2.460848713e-05
6.168520771e-04,2.460848713e-05
6.183565944e-04,2.460848713e-05
6.198611116e-04,2.460848713e-05
6.213656289e-04,2.460848713e-05
6.228701461e-04,2.460848713e-05
6.243746634e-04,2.460848713e-05
6.258791807e-04,2.460848713e-05
6.273836979e-04,2.460848713e-05
6.288882152e-04,2.460848713e-05
6.303927324e-04,2.460848713e-05
6.318972497e-04,2.584010740e-05
6.334017670e-04,2.584010740e-05
6.349062842e-04,2.584010740e-05
6.364108015e-04,2.584010740e-05
6.379153187e-04,2.834010740e-05
6.394198360e-04,2.834010740e-05
6.409243533e-04,3.084010740e-05
6.424288705e-04,3.084010740e-05
6.439333878e-04,3.084010740e-05
6.454379051e-04,3.334010740e-05
6.469424223e-04,3.334010740e-05
6.484469396e-04,3.584010740e-05
6.499514568e-04,3.584010740e-05
6.514559741e-04,3.584010740e-05
6.529604914e-04,3.834010740e-05
6.544650086e-04,3.834010740e-05
6.559695259e-04,3.834010740e-05
6.574740431e-04,4.084010740e-05
6.589785604e-04,4.084010740e-05
6.604830777e-04,4.084010740e-05
6.619875949e-04,4.084010740e-05
6.634921122e-04,4.334010740e-05
6.649966294e-04,4.334010740e-05
6.665011467e-04,4.334010740e-05
6.680056640e-04,4.334010740e-05
6.695101812e-04,4.584010740e-05
6.710146985e-04,4.584010740e-05
6.725192158e-04,4.584010740e-05
6.740237330e-04,4.584010740e-05
6.755282503e-04,4.834010740e-05
6.770327675e-04,4.834010740e-05
6.785372848e-04,4.834010740e-05
6.800418021e-04,4.834010740e-05
6.815463193e-04,4.834010740e-05
6.830508366e-04,4.834010740e-05
6.845553538e-04,5.084010740e-05
6.860598711e-04,5.084010740e-05
6.875643884e-04,5.084010740e-05
6.890689056e-04,5.084010740e-05
6.905734229e-04,5.084010740e-05
6.920779401e-04,5.334010740e-05
6.935824574e-04,5.334010740e-05
6.950869747e-04,5.334010740e-05
6.965914919e-04,5.334010740e-05
6.980960092e-04,5.334010740e-05
6.996005265e-04,5.334010740e-05
7.011050437e-04,5.334010740e-05
7.026095610e-04,5.584010740e-05
7.041140782e-04,5.584010740e-05
7.056185955e-04,5.584010740e-05
7.071231128e-04,5.584010740e-05
7.086276300e-04,5.584010740e-05
7.101321473e-04,5.834010740e-05
7.116366645e-04,5.834010740e-05
7.131411818e-04,5.834010740e-05
7.146456991e-04,5.834010740e-05
7.161502163e-04,5.834010740e-05
7.176547336e-04,5.834010740e-05
7.191592509e-04,5.834010740e-05
7.206637681e-04,5.960848588e-05
7.221682854e-04,6.084010740e-05
7.236728026e-04,6.084010740e-05
7.251773199e-04,6.084010740e-05
7.266818372e-04,6.084010740e-05
7.281863544e-04,6.334010740e-05
7.296908717e-04,6.334010740e-05
7.311953889e-04,6.334010740e-05
7.326999062e-04,6.334010740e-05
7.342044235e-04,6.334010740e-05
7.357089407e-04,6.334010740e-05
7.372134580e-04,6.334010740e-05
7.387179752e-04,6.460848588e-05
7.402224925e-04,6.460848588e-05
7.417270098e-04,6.584010740e-05
7.432315270e-04,6.584010740e-05
7.447360443e-04,6.584010740e-05
7.462405616e-04,6.584010740e-05
7.477450788e-04,6.834010740e-05
7.492495961e-04,6.834010740e-05
7.507541133e-04,6.834010740e-05
7.522586306e-04,6.834010740e-05
7.537631479e-04,6.834010740e-05
7.552676651e-04,6.834010740e-05
7.567721824e-04,6.834010740e-05
7.582766996e-04,6.834010740e-05
7.597812169e-04,6.834010740e-05
7.612857342e-04,6.960848588e-05
7.627902514e-04,6.960848588e-05
7.642947687e-04,6.960848588e-05
7.657992859e-04,7.084010740e-05
7.673038032e-04,7.084010740e-05
7.688083205e-04,7.084010740e-05
7.703128377e-04,7.084010740e-05
7.718173550e-04,7.334010740e-05
7.733218723e-04,7.334010740e-05
7.748263895e-04,7.334010740e-05
7.763309068e-04,7.334010740e-05
7.778354240e-04,7.334010740e-05
7.793399413e-04,7.334010740e-05
7.808444586e-04,7.334010740e-05
7.823489758e-04,7.334010740e-05
7.838534931e-04,7.334010740e-05
7.853580103e-04,7.334010740e-05
7.868625276e-04,7.334010740e-05
7.883670449e-04,7.334010740e-05
7.898715621e-04,7.440113558e-05
7.913760794e-04,7.440113558e-05
7.928805966e-04,7.440113558e-05
7.943851139e-04,7.440113558e-05
7.958896312e-04,7.584010740e-05
7.973941484e-04,7.584010740e-05
7.988986657e-04,7.584010740e-05
8.004031830e-04,7.584010740e-05
8.019077002e-04,7.584010740e-05
8.034122175e-04,7.834010740e-05
8.049167347e-04,7.834010740e-05
8.064212520e-04,7.834010740e-05
8.079257693e-04,7.834010740e-05
8.094302865e-04,7.834010740e-05
8.109348038e-04,7.834010740e-05
8.124393210e-04,7.834010740e-05
8.139438383e-04,7.834010740e-05
8.154483556e-04,7.834010740e-05
8.169528728e-04,7.834010740e-05
8.184573901e-04,7.834010740e-05
8.199619074e-04,7.834010740e-05
8.214664246e-04,7.834010740e-05
8.229709419e-04,7.940113558e-05
8.244754591e-04,7.940113558e-05
8.259799764e-04,7.940113558e-05
8.274844937e-04,7.940113558e-05
8.289890109e-04,7.940113558e-05
8.304935282e-04,7.940113558e-05
8.319980454e-04,7.940113558e-05
8.335025627e-04,7.940113558e-05
8.350070800e-04,8.084010740e-05
8.365115972e-04,8.084010740e-05
8.380161145e-04,8.084010740e-05
8.395206317e-04,8.084010740e-05
8.410251490e-04,8.084010740e-05
8.425296663e-04,8.334010740e-05
8.440341835e-04,8.334010740e-05
8.455387008e-04,8.334010740e-05
8.470432181e-04,8.334010740e-05
8.485477353e-04,8.334010740e-05
8.500522526e-04,8.334010740e-05
8.515567698e-04,8.334010740e-05
8.530612871e-04,8.334010740e-05
8.545658044e-04,8.334010740e-05
8.560703216e-04,8.440113558e-05
8.575748389e-04,8.440113558e-05
8.590793561e-04,8.440113558e-05
8.605838734e-04,8.440113558e-05
8.620883907e-04,8.440113558e-05
8.635929079e-04,8.440113558e-05
8.650974252e-04,8.440113558e-05
8.666019424e-04,8.440113558e-05
8.681064597e-04,8.440113558e-05
8.696109770e-04,8.440113558e-05
8.711154942e-04,8.584010740e-05
8.726200115e-04,8.584010740e-05
8.741245288e-04,8.584010740e-05
8.756290460e-04,8.584010740e-05
8.771335633e-04,8.584010740e-05
8.786380805e-04,8.834010740e-05
8.801425978e-04,8.834010740e-05
8.816471151e-04,8.834010740e-05
8.831516323e-04,8.834010740e-05
8.846561496e-04,8.834010740e-05
8.861606668e-04,8.834010740e-05
8.876651841e-04,8.834010740e-05
8.891697014e-04,8.834010740e-05
8.906742186e-04,8.834010740e-05
8.921787359e-04,8.834010740e-05
8.936832531e-04,8.834010740e-05
8.951877704e-04,8.940113558e-05
8.966922877e-04,8.940113558e-05
8.981968049e-04,8.940113558e-05
8.997013222e-04,8.940113558e-05
9.012058395e-04,8.940113558e-05
9.027103567e-04,8.940113558e-05
9.042148740e-04,8.940113558e-05
9.057193912e-04,9.084010740e-05
9.072239085e-04,9.084010740e-05
9.087284258e-04,9.084010740e-05
9.102329430e-04,9.084010740e-05
9.117374603e-04,9.084010740e-05
9.132419775e-04,9.334010740e-05
9.147464948e-04,9.334010740e-05
9.162510121e-04,9.334010740e-05
9.177555293e-04,9.334010740e-05
9.192600466e-04,9.334010740e-05
9.207645639e-04,9.334010740e-05
9.222690811e-04,9.334010740e-05
9.237735984e-04,9.334010740e-05
9.252781156e-04,9.334010740e-05
9.267826329e-04,9.334010740e-05
9.282871502e-04,9.334010740e-05
9.297916674e-04,9.334010740e-05
9.312961847e-04,9.334010740e-05
9.328007019e-04,9.334010740e-05
9.343052192e-04,9.334010740e-05
9.358097365e-04,9.334010740e-05
9.373142537e-04,9.440113558e-05
9.388187710e-04,9.440113558e-05
9.403232882e-04,9.440113558e-05
9.418278055e-04,9.440113558e-05
9.433323228e-04,9.440113558e-05
9.448368400e-04,9.440113558e-05
9.463413573e-04,9.584010740e-05
9.478458746e-04,9.584010740e-05
9.493503918e-04,9.584010740e-05
9.508549091e-04,9.584010740e-05
9.523594263e-04,9.584010740e-05
9.538639436e-04,9.584010740e-05
9.553684609e-04,9.705757730e-05
9.568729781e-04,9.705757730e-05
9.583774954e-04,9.705757730e-05
9.598820126e-04,9.705757730e-05
9.613865299e-04,9.705757730e-05
9.628910472e-04,9.955757730e-05
9.643955644e-04,9.955757730e-05
9.659000817e-04,9.955757730e-05
9.674045989e-04,9.955757730e-05
9.689091162e-04,9.955757730e-05
9.704136335e-04,9.955757730e-05
9.719181507e-04,9.955757730e-05
9.734226680e-04,9.955757730e-05
9.749271853e-04,9.955757730e-05
9.764317025e-04,9.955757730e-05
9.779362198e-04,9.955757730e-05
9.794407370e-04,9.955757730e-05
9.809452543e-04,9.955757730e-05
9.824497716e-04,9.955757730e-05
9.839542888e-04,9.955757730e-05
9.854588061e-04,9.955757730e-05
9.869633233e-04,9.955757730e-05
9.884678406e-04,9.955757730e-05
9.899723579e-04,9.955757730e-05
9.914768751e-04,9.955757730e-05
9.929813924e-04,9.955757730e-05
9.944859096e-04,9.955757730e-05
9.959904269e-04,9.955757730e-05
9.974949442e-04,9.955757730e-05
9.989994614e-04,9.955757730e-05
1.000503979e-03,9.955757730e-05
1.002008496e-03,9.955757730e-05
1.003513013e-03,9.955757730e-05
1.005017530e-03,9.955757730e-05
1.006522048e-03,9.955757730e-05
1.008026565e-03,9.955757730e-05
1.009531082e-03,9.955757730e-05
1.011035600e-03,9.955757730e-05
1.012540117e-03,9.955757730e-05
1.014044634e-03,9.955757730e-05
1.015549151e-03,9.955757730e-05
1.017053669e-03,9.955757730e-05
1.018558186e-03,9.955757730e-05
1.020062703e-03,9.955757730e-05
1.021567220e-03,9.955757730e-05
1.023071738e-03,9.955757730e-05
1.024576255e-03,9.955757730e-05
1.026080772e-03,1.020575773e-04
1.027585289e-03,1.020575773e-04
1.029089807e-03,1.020575773e-04
1.030594324e-03,1.020575773e-04
1.032098841e-03,1.020575773e-04
1.033603358e-03,1.020575773e-04
1.035107876e-03,1.020575773e-04
1.036612393e-03,1.045575773e-04
1.038116910e-03,1.045575773e-04
1.039621427e-03,1.045575773e-04
1.041125945e-03,1.045575773e-04
1.042630462e-03,1.045575773e-04
1.044134979e-03,1.045575773e-04
1.045639497e-03,1.045575773e-04
1.047144014e-03,1.045575773e-04
1.048648531e-03,1.045575773e-04
1.050153048e-03,1.045575773e-04
1.051657566e-03,1.045575773e-04
1.053162083e-03,1.045575773e-04
1.054666600e-03,1.045575773e-04
1.056171117e-03,1.045575773e-04
1.057675635e-03,1.045575773e-04
1.059180152e-03,1.045575773e-04
1.060684669e-03,1.045575773e-04
1.062189186e-03,1.045575773e-04
1.063693704e-03,1.045575773e-04
1.065198221e-03,1.045575773e-04
1.066702738e-03,1.045575773e-04
1.068207255e-03,1.045575773e-04
1.069711773e-03,1.045575773e-04
1.071216290e-03,1.045575773e-04
1.072720807e-03,1.045575773e-04
1.074225324e-03,1.045575773e-04
1.075729842e-03,1.045575773e-04
1.077234359e-03,1.045575773e-04
1.078738876e-03,1.045575773e-04
1.080243394e-03,1.045575773e-04
1.081747911e-03,1.045575773e-04
1.083252428e-03,1.045575773e-04
1.084756945e-03,1.045575773e-04
1.086261463e-03,1.045575773e-04
1.087765980e-03,1.045575773e-04
1.089270497e-03,1.045575773e-04
1.090775014e-03,1.045575773e-04
1.092279532e-03,1.045575773e-04
1.093784049e-03,1.045575773e-04
1.095288566e-03,1.045575773e-04
1.096793083e-03,1.045575773e-04
1.098297601e-03,1.045575773e-04
1.099802118e-03,1.045575773e-04
1.101306635e-03,1.045575773e-04
1.102811152e-03,1.045575773e-04
1.104315670e-03,1.045575773e-04
1.105820187e-03,1.045575773e-04
1.107324704e-03,1.045575773e-04
1.108829221e-03,1.045575773e-04
1.110333739e-03,1.045575773e-04
1.111838256e-03,1.045575773e-04
1.113342773e-03,1.045575773e-04
1.114847291e-03,1.045575773e-04
1.116351808e-03,1.045575773e-04
1.117856325e-03,1.045575773e-04
1.119360842e-03,1.045575773e-04
1.120865360e-03,1.045575773e-04
1.122369877e-03,1.045575773e-04
1.123874394e-03,1.045575773e-04
1.125378911e-03,1.045575773e-04
1.126883429e-03,1.045575773e-04
1.128387946e-03,1.045575773e-04
1.129892463e-03,1.045575773e-04
1.131396980e-03,1.045575773e-04
1.132901498e-03,1.045575773e-04
1.134406015e-03,1.045575773e-04
1.135910532e-03,1.045575773e-04
1.137415049e-03,1.045575773e-04
1.138919567e-03,1.045575773e-04
1.140424084e-03,1.045575773e-04
1.141928601e-03,1.045575773e-04
1.143433119e-03,1.045575773e-04
1.144937636e-03,1.045575773e-04
1.146442153e-03,1.045575773e-04
1.147946670e-03,1.045575773e-04
1.149451188e-03,1.045575773e-04
1.150955705e-03,1.045575773e-04
1.152460222e-03,1.063258018e-04
1.153964739e-03,1.063258018e-04
1.155469257e-03,1.063258018e-04
1.156973774e-03,1.063258018e-04
1.158478291e-03,1.063258018e-04
1.159982808e-03,1.063258018e-04
1.161487326e-03,1.088258018e-04
1.162991843e-03,1.088258018e-04
1.164496360e-03,1.088258018e-04
1.166000877e-03,1.088258018e-04
1.167505395e-03,1.088258018e-04
1.169009912e-03,1.088258018e-04
1.170514429e-03,1.088258018e-04
1.172018946e-03,1.088258018e-04
1.173523464e-03,1.088258018e-04
1.175027981e-03,1.088258018e-04
1.176532498e-03,1.088258018e-04
1.178037016e-03,1.088258018e-04
1.179541533e-03,1.088258018e-04
1.181046050e-03,1.088258018e-04
1.182550567e-03,1.088258018e-04
1.184055085e-03,1.088258018e-04
1.185559602e-03,1.088258018e-04
1.187064119e-03,1.088258018e-04
1.188568636e-03,1.088258018e-04
1.190073154e-03,1.088258018e-04
1.191577671e-03,1.088258018e-04
1.193082188e-03,1.088258018e-04
1.194586705e-03,1.088258018e-04
1.196091223e-03,1.088258018e-04
1.197595740e-03,1.088258018e-04
1.199100257e-03,1.088258018e-04
1.200604774e-03,1.088258018e-04
1.202109292e-03,1.088258018e-04
1.203613809e-03,1.088258018e-04
1.205118326e-03,1.091806944e-04
1.206622843e-03,1.091806944e-04
1.208127361e-03,1.094011352e-04
1.209631878e-03,1.094011352e-04
1.211136395e-03,1.094011352e-04
1.212640913e-03,1.094011352e-04
1.214145430e-03,1.094011352e-04
1.215649947e-03,1.094011352e-04
1.217154464e-03,1.113258018e-04
1.218658982e-03,1.113258018e-04
1.220163499e-03,1.113258018e-04
1.221668016e-03,1.113258018e-04
1.223172533e-03,1.113258018e-04
1.224677051e-03,1.113258018e-04
1.226181568e-03,1.113258018e-04
1.227686085e-03,1.113258018e-04
1.229190602e-03,1.138258018e-04
1.230695120e-03,1.138258018e-04
1.232199637e-03,1.138258018e-04
1.233704154e-03,1.138258018e-04
1.235208671e-03,1.138258018e-04
1.236713189e-03,1.138258018e-04
1.238217706e-03,1.138258018e-04
1.239722223e-03,1.138258018e-04
1.241226740e-03,1.138258018e-04
1.242731258e-03,1.138258018e-04
1.244235775e-03,1.138258018e-04
1.245740292e-03,1.138258018e-04
1.247244810e-03,1.138258018e-04
1.248749327e-03,1.138258018e-04
1.250253844e-03,1.138258018e-04
1.251758361e-03,1.138258018e-04
1.253262879e-03,1.140273491e-04
1.254767396e-03,1.144011352e-04
1.256271913e-03,1.144011352e-04
1.257776430e-03,1.144011352e-04
1.259280948e-03,1.144011352e-04
1.260785465e-03,1.144011352e-04
1.262289982e-03,1.144011352e-04
1.263794499e-03,1.144011352e-04
1.265299017e-03,1.144011352e-04
1.266803534e-03,1.144011352e-04
1.268308051e-03,1.163258018e-04
1.269812568e-03,1.163258018e-04
1.271317086e-03,1.163258018e-04
1.272821603e-03,1.163258018e-04
1.274326120e-03,1.163258018e-04
1.275830637e-03,1.163258018e-04
1.277335155e-03,1.163258018e-04
1.278839672e-03,1.163258018e-04
1.280344189e-03,1.186322452e-04
1.281848707e-03,1.186322452e-04
1.283353224e-03,1.186322452e-04
1.284857741e-03,1.186322452e-04
1.286362258e-03,1.186322452e-04
1.287866776e-03,1.186322452e-04
1.289371293e-03,1.186322452e-04
1.290875810e-03,1.186322452e-04
1.292380327e-03,1.186322452e-04
1.293884845e-03,1.186322452e-04
1.295389362e-03,1.186322452e-04
1.296893879e-03,1.186322452e-04
1.298398396e-03,1.186322452e-04
1.299902914e-03,1.186322452e-04
1.301407431e-03,1.186322452e-04
1.302911948e-03,1.186322452e-04
1.304416465e-03,1.186322452e-04
1.305920983e-03,1.186322452e-04
1.307425500e-03,1.186322452e-04
1.308930017e-03,1.186322452e-04
1.310434534e-03,1.186322452e-04
1.311939052e-03,1.186322452e-04
1.313443569e-03,1.186322452e-04
1.314948086e-03,1.186322452e-04
1.316452604e-03,1.186322452e-04
1.317957121e-03,1.186322452e-04
1.319461638e-03,1.186322452e-04
1.320966155e-03,1.186322452e-04
1.322470673e-03,1.186322452e-04
1.323975190e-03,1.194011352e-04
1.325479707e-03,1.194011352e-04
1.326984224e-03,1.194011352e-04
1.328488742e-03,1.194011352e-04
1.329993259e-03,1.194011352e-04
1.331497776e-03,1.194011352e-04
1.333002293e-03,1.194011352e-04
1.334506811e-03,1.194011352e-04
1.336011328e-03,1.197904463e-04
1.337515845e-03,1.197904463e-04
1.339020362e-03,1.197904463e-04
1.340524880e-03,1.197904463e-04
1.342029397e-03,1.197904463e-04
1.343533914e-03,1.197904463e-04
1.345038432e-03,1.197904463e-04
1.346542949e-03,1.197904463e-04
1.348047466e-03,1.205077469e-04
1.349551983e-03,1.205077469e-04
1.351056501e-03,1.205077469e-04
1.352561018e-03,1.205077469e-04
1.354065535e-03,1.205077469e-04
1.355570052e-03,1.205077469e-04
1.357074570e-03,1.205077469e-04
1.358579087e-03,1.205077469e-04
1.360083604e-03,1.205077469e-04
1.361588121e-03,1.205077469e-04
1.363092639e-03,1.208673938e-04
1.364597156e-03,1.208673938e-04
1.366101673e-03,1.208673938e-04
1.367606190e-03,1.208673938e-04
1.369110708e-03,1.208673938e-04
1.370615225e-03,1.208673938e-04
1.372119742e-03,1.208673938e-04
1.373624259e-03,1.233673938e-04
1.375128777e-03,1.233673938e-04
1.376633294e-03,1.233673938e-04
1.378137811e-03,1.233673938e-04
1.379642329e-03,1.233673938e-04
1.381146846e-03,1.233673938e-04
1.382651363e-03,1.233673938e-04
1.384155880e-03,1.233673938e-04
1.385660398e-03,1.233673938e-04
1.387164915e-03,1.233673938e-04
1.388669432e-03,1.233673938e-04
1.390173949e-03,1.233673938e-04
1.391678467e-03,1.233673938e-04
1.393182984e-03,1.233673938e-04
1.394687501e-03,1.233673938e-04
1.396192018e-03,1.233673938e-04
1.397696536e-03,1.233673938e-04
1.399201053e-03,1.233673938e-04
1.400705570e-03,1.233673938e-04
1.402210087e-03,1.233673938e-04
1.403714605e-03,1.233673938e-04
1.405219122e-03,1.233673938e-04
1.406723639e-03,1.233673938e-04
1.408228156e-03,1.233673938e-04
1.409732674e-03,1.233673938e-04
1.411237191e-03,1.233673938e-04
1.412741708e-03,1.233673938e-04
1.414246226e-03,1.233673938e-04
1.415750743e-03,1.233673938e-04
1.417255260e-03,1.233673938e-04
1.418759777e-03,1.233673938e-04
1.420264295e-03,1.233673938e-04
1.421768812e-03,1.233673938e-04
1.423273329e-03,1.233673938e-04
1.424777846e-03,1.233673938e-04
1.426282364e-03,1.233673938e-04
1.427786881e-03,1.233673938e-04
1.429291398e-03,1.233673938e-04
1.430795915e-03,1.233673938e-04
1.432300433e-03,1.233673938e-04
1.433804950e-03,1.233673938e-04
1.435309467e-03,1.247904463e-04
1.436813984e-03,1.247904463e-04
1.438318502e-03,1.247904463e-04
1.439823019e-03,1.247904463e-04
1.441327536e-03,1.247904463e-04
1.442832053e-03,1.247904463e-04
1.444336571e-03,1.247904463e-04
1.445841088e-03,1.247904463e-04
1.447345605e-03,1.247904463e-04
1.448850123e-03,1.247904463e-04
1.450354640e-03,1.247904463e-04
1.451859157e-03,1.247904463e-04
1.453363674e-03,1.247904463e-04
1.454868192e-03,1.247904463e-04
1.456372709e-03,1.247904463e-04
1.457877226e-03,1.247904463e-04
1.459381743e-03,1.247904463e-04
1.460886261e-03,1.247904463e-04
1.462390778e-03,1.247904463e-04
1.463895295e-03,1.247904463e-04
1.465399812e-03,1.247904463e-04
1.466904330e-03,1.258673938e-04
1.468408847e-03,1.258673938e-04
1.469913364e-03,1.258673938e-04
1.471417881e-03,1.258673938e-04
1.472922399e-03,1.258673938e-04
1.474426916e-03,1.258673938e-04
1.475931433e-03,1.258673938e-04
1.477435950e-03,1.258673938e-04
1.478940468e-03,1.258673938e-04
1.480444985e-03,1.283673938e-04
1.481949502e-03,1.283673938e-04
1.483454020e-03,1.283673938e-04
1.484958537e-03,1.283673938e-04
1.486463054e-03,1.283673938e-04
1.487967571e-03,1.283673938e-04
1.489472089e-03,1.283673938e-04
1.490976606e-03,1.283673938e-04
1.492481123e-03,1.283673938e-04
1.493985640e-03,1.283673938e-04
1.495490158e-03,1.283673938e-04
1.496994675e-03,1.283673938e-04
1.498499192e-03,1.283673938e-04
1.500003709e-03,1.283673938e-04
1.501508227e-03,1.283673938e-04
1.503012744e-03,1.283673938e-04
1.504517261e-03,1.283673938e-04
1.506021778e-03,1.283673938e-04
1.507526296e-03,1.283673938e-04
1.509030813e-03,1.283673938e-04
1.510535330e-03,1.283673938e-04
1.512039847e-03,1.283673938e-04
1.513544365e-03,1.283673938e-04
1.515048882e-03,1.283673938e-04
1.516553399e-03,1.283673938e-04
1.518057917e-03,1.283673938e-04
1.519562434e-03,1.283673938e-04
1.521066951e-03,1.283673938e-04
1.522571468e-03,1.283673938e-04
1.524075986e-03,1.283673938e-04
1.525580503e-03,1.283673938e-04
1.527085020e-03,1.283673938e-04
1.528589537e-03,1.283673938e-04
1.530094055e-03,1.283673938e-04
1.531598572e-03,1.283673938e-04
1.533103089e-03,1.283673938e-04
1.534607606e-03,1.283673938e-04
1.536112124e-03,1.283673938e-04
1.537616641e-03,1.283673938e-04
1.539121158e-03,1.283673938e-04
1.540625675e-03,1.283673938e-04
1.542130193e-03,1.283673938e-04
1.543634710e-03,1.283673938e-04
1.545139227e-03,1.283673938e-04
1.546643745e-03,1.283673938e-04
1.548148262e-03,1.283673938e-04
1.549652779e-03,1.283673938e-04
1.551157296e-03,1.283673938e-04
1.552661814e-03,1.283673938e-04
1.554166331e-03,1.283673938e-04
1.555670848e-03,1.283673938e-04
1.557175365e-03,1.283673938e-04
1.558679883e-03,1.283673938e-04
1.560184400e-03,1.283673938e-04
1.561688917e-03,1.283673938e-04
1.563193434e-03,1.283673938e-04
1.564697952e-03,1.283673938e-04
1.566202469e-03,1.283673938e-04
1.567706986e-03,1.283673938e-04
1.569211503e-03,1.283673938e-04
1.570716021e-03,1.283673938e-04
1.572220538e-03,1.283673938e-04
1.573725055e-03,1.283673938e-04
1.575229572e-03,1.283673938e-04
1.576734090e-03,1.283673938e-04
1.578238607e-03,1.283673938e-04
1.579743124e-03,1.283673938e-04
1.581247642e-03,1.283673938e-04
1.582752159e-03,1.283673938e-04
1.584256676e-03,1.283673938e-04
1.585761193e-03,1.283673938e-04
1.587265711e-03,1.283673938e-04
1.588770228e-03,1.283673938e-04
1.590274745e-03,1.283673938e-04
1.591779262e-03,1.283673938e-04
1.593283780e-03,1.283673938e-04
1.594788297e-03,1.283673938e-04
1.596292814e-03,1.283673938e-04
1.597797331e-03,1.283673938e-04
1.599301849e-03,1.283673938e-04
1.600806366e-03,1.283673938e-04
1.602310883e-03,1.283673938e-04
1.603815400e-03,1.283673938e-04
1.605319918e-03,1.283673938e-04
1.606824435e-03,1.283673938e-04
1.608328952e-03,1.283673938e-04
1.609833469e-03,1.283673938e-04
1.611337987e-03,1.283673938e-04
1.612842504e-03,1.283673938e-04
1.614347021e-03,1.283673938e-04
1.615851539e-03,1.283673938e-04
1.617356056e-03,1.283673938e-04
1.618860573e-03,1.283673938e-04
1.620365090e-03,1.283673938e-04
1.621869608e-03,1.283673938e-04
1.623374125e-03,1.283673938e-04
1.624878642e-03,1.283673938e-04
1.626383159e-03,1.283673938e-04
1.627887677e-03,1.283673938e-04
1.629392194e-03,1.283673938e-04
1.630896711e-03,1.283673938e-04
1.632401228e-03,1.283673938e-04
1.633905746e-03,1.283673938e-04
1.635410263e-03,1.283673938e-04
1.636914780e-03,1.283673938e-04
1.638419297e-03,1.283673938e-04
1.639923815e-03,1.283673938e-04
1.641428332e-03,1.283673938e-04
1.642932849e-03,1.283673938e-04
1.644437366e-03,1.288983419e-04
1.645941884e-03,1.296910183e-04
1.647446401e-03,1.296910183e-04
1.648950918e-03,1.296910183e-04
1.650455436e-03,1.296910183e-04
1.651959953e-03,1.296910183e-04
1.653464470e-03,1.296910183e-04
1.654968987e-03,1.296910183e-04
1.656473505e-03,1.296910183e-04
1.657978022e-03,1.296910183e-04
1.659482539e-03,1.296910183e-04
1.660987056e-03,1.296910183e-04
1.662491574e-03,1.296910183e-04
1.663996091e-03,1.296910183e-04
1.665500608e-03,1.296910183e-04
1.667005125e-03,1.296910183e-04
1.668509643e-03,1.296910183e-04
1.670014160e-03,1.296910183e-04
1.671518677e-03,1.296910183e-04
1.673023194e-03,1.296910183e-04
1.674527712e-03,1.296910183e-04
1.676032229e-03,1.296910183e-04
1.677536746e-03,1.296910183e-04
1.679041263e-03,1.296910183e-04
1.680545781e-03,1.308673938e-04
1.682050298e-03,1.308673938e-04
1.683554815e-03,1.308673938e-04
1.685059333e-03,1.308673938e-04
1.686563850e-03,1.308673938e-04
1.688068367e-03,1.308673938e-04
1.689572884e-03,1.308673938e-04
1.691077402e-03,1.308673938e-04
1.692581919e-03,1.308673938e-04
1.694086436e-03,1.308673938e-04
1.695590953e-03,1.308673938e-04
1.697095471e-03,1.308673938e-04
1.698599988e-03,1.308673938e-04
1.700104505e-03,1.328163549e-04
1.701609022e-03,1.328163549e-04
1.703113540e-03,1.328163549e-04
1.704618057e-03,1.328163549e-04
1.706122574e-03,1.328163549e-04
1.707627091e-03,1.328163549e-04
1.709131609e-03,1.328163549e-04
1.710636126e-03,1.328163549e-04
1.712140643e-03,1.328163549e-04
1.713645160e-03,1.328163549e-04
1.715149678e-03,1.328163549e-04
1.716654195e-03,1.328163549e-04
1.718158712e-03,1.328163549e-04
1.719663230e-03,1.328163549e-04
1.721167747e-03,1.328163549e-04
1.722672264e-03,1.328163549e-04
1.724176781e-03,1.328163549e-04
1.725681299e-03,1.328163549e-04
1.727185816e-03,1.328163549e-04
1.728690333e-03,1.328163549e-04
1.730194850e-03,1.328163549e-04
1.731699368e-03,1.328163549e-04
1.733203885e-03,1.328163549e-04
1.734708402e-03,1.328163549e-04
1.736212919e-03,1.328163549e-04
1.737717437e-03,1.328163549e-04
1.739221954e-03,1.328163549e-04
1.740726471e-03,1.328163549e-04
1.742230988e-03,1.328163549e-04
1.743735506e-03,1.328163549e-04
1.745240023e-03,1.328163549e-04
1.746744540e-03,1.328163549e-04
1.748249058e-03,1.328163549e-04
1.749753575e-03,1.328163549e-04
1.751258092e-03,1.328163549e-04
1.752762609e-03,1.328163549e-04
1.754267127e-03,1.328163549e-04
1.755771644e-03,1.328163549e-04
1.757276161e-03,1.328163549e-04
1.758780678e-03,1.328163549e-04
1.760285196e-03,1.328163549e-04
1.761789713e-03,1.328163549e-04
1.763294230e-03,1.328163549e-04
1.764798747e-03,1.328163549e-04
1.766303265e-03,1.328163549e-04
1.767807782e-03,1.328163549e-04
1.769312299e-03,1.328163549e-04
1.770816816e-03,1.328163549e-04
1.772321334e-03,1.328163549e-04
1.773825851e-03,1.328163549e-04
1.775330368e-03,1.328163549e-04
1.776834885e-03,1.328163549e-04
1.778339403e-03,1.328163549e-04
1.779843920e-03,1.328163549e-04
1.781348437e-03,1.328163549e-04
1.782852955e-03,1.328163549e-04
1.784357472e-03,1.328163549e-04
1.785861989e-03,1.328163549e-04
1.787366506e-03,1.328163549e-04
1.788871024e-03,1.328163549e-04
1.790375541e-03,1.328163549e-04
1.791880058e-03,1.328163549e-04
1.793384575e-03,1.328163549e-04
1.794889093e-03,1.328163549e-04
1.796393610e-03,1.328163549e-04
1.797898127e-03,1.328163549e-04
1.799402644e-03,1.328163549e-04
1.800907162e-03,1.328163549e-04
1.802411679e-03,1.328163549e-04
1.803916196e-03,1.328163549e-04
1.805420713e-03,1.328163549e-04
1.806925231e-03,1.328163549e-04
1.808429748e-03,1.328163549e-04
1.809934265e-03,1.328163549e-04
1.811438782e-03,1.328163549e-04
1.812943300e-03,1.328163549e-04
1.814447817e-03,1.328163549e-04
1.815952334e-03,1.328163549e-04
1.817456852e-03,1.328163549e-04
1.818961369e-03,1.328163549e-04
1.820465886e-03,1.328163549e-04
1.821970403e-03,1.328163549e-04
1.823474921e-03,1.328163549e-04
1.824979438e-03,1.328163549e-04
1.826483955e-03,1.328163549e-04
1.827988472e-03,1.328163549e-04
1.829492990e-03,1.328163549e-04
1.830997507e-03,1.328163549e-04
1.832502024e-03,1.328163549e-04
1.834006541e-03,1.328163549e-04
1.835511059e-03,1.328163549e-04
1.837015576e-03,1.328163549e-04
1.838520093e-03,1.328163549e-04
1.840024610e-03,1.328163549e-04
1.841529128e-03,1.328163549e-04
1.843033645e-03,1.328163549e-04
1.844538162e-03,1.328163549e-04
1.846042679e-03,1.328163549e-04
1.847547197e-03,1.328163549e-04
1.849051714e-03,1.328163549e-04
1.850556231e-03,1.328163549e-04
1.852060749e-03,1.328163549e-04
1.853565266e-03,1.328163549e-04
1.855069783e-03,1.328163549e-04
1.856574300e-03,1.328163549e-04
1.858078818e-03,1.328163549e-04
1.859583335e-03,1.328163549e-04
1.861087852e-03,1.328163549e-04
1.862592369e-03,1.328163549e-04
1.864096887e-03,1.328163549e-04
1.865601404e-03,1.328163549e-04
1.867105921e-03,1.328163549e-04
1.868610438e-03,1.328163549e-04
1.870114956e-03,1.328163549e-04
1.871619473e-03,1.328163549e-04
1.873123990e-03,1.328163549e-04
1.874628507e-03,1.328163549e-04
1.876133025e-03,1.328163549e-04
1.877637542e-03,1.328163549e-04
1.879142059e-03,1.328163549e-04
1.880646576e-03,1.328163549e-04
1.882151094e-03,1.328163549e-04
1.883655611e-03,1.328163549e-04
1.885160128e-03,1.328163549e-04
1.886664646e-03,1.328163549e-04
1.888169163e-03,1.328163549e-04
1.889673680e-03,1.328163549e-04
1.891178197e-03,1.328163549e-04
1.892682715e-03,1.328163549e-04
1.894187232e-03,1.328163549e-04
1.895691749e-03,1.328163549e-04
1.897196266e-03,1.328163549e-04
1.898700784e-03,1.328163549e-04
1.900205301e-03,1.328163549e-04
1.901709818e-03,1.328163549e-04
1.903214335e-03,1.328163549e-04
1.904718853e-03,1.328163549e-04
1.906223370e-03,1.328163549e-04
1.907727887e-03,1.328163549e-04
1.909232404e-03,1.328163549e-04
1.910736922e-03,1.328163549e-04
1.912241439e-03,1.328163549e-04
1.913745956e-03,1.328163549e-04
1.915250473e-03,1.328163549e-04
1.916754991e-03,1.328163549e-04
1.918259508e-03,1.328163549e-04
1.919764025e-03,1.328163549e-04
1.921268543e-03,1.328163549e-04
1.922773060e-03,1.328163549e-04
1.924277577e-03,1.328163549e-04
1.925782094e-03,1.328163549e-04
1.927286612e-03,1.328163549e-04
1.928791129e-03,1.328163549e-04
1.930295646e-03,1.328163549e-04
1.931800163e-03,1.328163549e-04
1.933304681e-03,1.328163549e-04
1.934809198e-03,1.328163549e-04
1.936313715e-03,1.328163549e-04
1.937818232e-03,1.328163549e-04
1.939322750e-03,1.328163549e-04
1.940827267e-03,1.328163549e-04
1.942331784e-03,1.328163549e-04
1.943836301e-03,1.328163549e-04
1.945340819e-03,1.328163549e-04
1.946845336e-03,1.328163549e-04
1.948349853e-03,1.328163549e-04
1.949854371e-03,1.328163549e-04
1.951358888e-03,1.328163549e-04
1.952863405e-03,1.328163549e-04
1.954367922e-03,1.328163549e-04
1.955872440e-03,1.328163549e-04
1.957376957e-03,1.328163549e-04
1.958881474e-03,1.328163549e-04
1.960385991e-03,1.328163549e-04
1.961890509e-03,1.328163549e-04
1.963395026e-03,1.328163549e-04
1.964899543e-03,1.328163549e-04
1.966404060e-03,1.344726142e-04
1.967908578e-03,1.344726142e-04
1.969413095e-03,1.344726142e-04
1.970917612e-03,1.344726142e-04
1.972422129e-03,1.344726142e-04
1.973926647e-03,1.344726142e-04
1.975431164e-03,1.344726142e-04
1.976935681e-03,1.344726142e-04
1.978440198e-03,1.344726142e-04
1.979944716e-03,1.344726142e-04
1.981449233e-03,1.344726142e-04
1.982953750e-03,1.344726142e-04
1.984458268e-03,1.344726142e-04
1.985962785e-03,1.344726142e-04
1.987467302e-03,1.344726142e-04
1.988971819e-03,1.344726142e-04
1.990476337e-03,1.344726142e-04
1.991980854e-03,1.344726142e-04
1.993485371e-03,1.344726142e-04
1.994989888e-03,1.344726142e-04
1.996494406e-03,1.344726142e-04
1.997998923e-03,1.344726142e-04
1.999503440e-03,1.344726142e-04
2.001007957e-03,1.344726142e-04
2.002512475e-03,1.344726142e-04
2.004016992e-03,1.344726142e-04
